{
  "avg_metrics": {
    "accuracy": 0.7893599950626426,
    "correct": 4263.333333333333,
    "total": 5401.0,
    "by_dimension_1.belief": 0.7799819657348963,
    "by_dimension_1.desire": 0.8351219512195122,
    "by_dimension_1.emotion": 0.823962516733601,
    "by_dimension_1.intention": 0.7549549549549551,
    "by_dimension_1.knowledge": 0.7611254665518231,
    "by_dimension_2.first_order": 0.8256103637269557,
    "by_dimension_2.second_order": 0.7537614678899084,
    "by_dimension_3.__none__": 0.813202756619514,
    "by_dimension_3.false_belief": 0.6534325889164599,
    "dimension_1_counts": {
      "emotion": 996.0,
      "intention": 1110.0,
      "knowledge": 1161.0,
      "belief": 1109.0,
      "desire": 1025.0
    },
    "dimension_2_counts": {
      "second_order": 2725.0,
      "first_order": 2676.0
    },
    "dimension_3_counts": {
      "false_belief": 806.0,
      "__none__": 4595.0
    }
  },
  "all_metrics": [
    {
      "accuracy": 0.7881873727087576,
      "correct": 4257,
      "total": 5401,
      "by_dimension_1.belief": 0.7754733994589721,
      "by_dimension_1.desire": 0.8302439024390244,
      "by_dimension_1.emotion": 0.8273092369477911,
      "by_dimension_1.intention": 0.7558558558558559,
      "by_dimension_1.knowledge": 0.7605512489233419,
      "by_dimension_2.first_order": 0.8243647234678625,
      "by_dimension_2.second_order": 0.7526605504587156,
      "by_dimension_3.__none__": 0.8124047878128401,
      "by_dimension_3.false_belief": 0.6501240694789082,
      "dimension_1_counts": {
        "belief": 1109,
        "desire": 1025,
        "emotion": 996,
        "intention": 1110,
        "knowledge": 1161
      },
      "dimension_2_counts": {
        "first_order": 2676,
        "second_order": 2725
      },
      "dimension_3_counts": {
        "__none__": 4595,
        "false_belief": 806
      }
    },
    {
      "accuracy": 0.7948528050361044,
      "correct": 4293,
      "total": 5401,
      "by_dimension_1.belief": 0.7808836789900812,
      "by_dimension_1.desire": 0.8429268292682927,
      "by_dimension_1.emotion": 0.8363453815261044,
      "by_dimension_1.intention": 0.7504504504504504,
      "by_dimension_1.knowledge": 0.772609819121447,
      "by_dimension_2.first_order": 0.8303437967115097,
      "by_dimension_2.second_order": 0.76,
      "by_dimension_3.__none__": 0.8187159956474429,
      "by_dimension_3.false_belief": 0.6588089330024814,
      "dimension_1_counts": {
        "belief": 1109,
        "desire": 1025,
        "emotion": 996,
        "intention": 1110,
        "knowledge": 1161
      },
      "dimension_2_counts": {
        "first_order": 2676,
        "second_order": 2725
      },
      "dimension_3_counts": {
        "__none__": 4595,
        "false_belief": 806
      }
    },
    {
      "accuracy": 0.7850398074430661,
      "correct": 4240,
      "total": 5401,
      "by_dimension_1.belief": 0.7835888187556357,
      "by_dimension_1.desire": 0.8321951219512195,
      "by_dimension_1.emotion": 0.8082329317269076,
      "by_dimension_1.intention": 0.7585585585585586,
      "by_dimension_1.knowledge": 0.7502153316106804,
      "by_dimension_2.first_order": 0.8221225710014948,
      "by_dimension_2.second_order": 0.7486238532110092,
      "by_dimension_3.__none__": 0.808487486398259,
      "by_dimension_3.false_belief": 0.6513647642679901,
      "dimension_1_counts": {
        "belief": 1109,
        "desire": 1025,
        "emotion": 996,
        "intention": 1110,
        "knowledge": 1161
      },
      "dimension_2_counts": {
        "first_order": 2676,
        "second_order": 2725
      },
      "dimension_3_counts": {
        "__none__": 4595,
        "false_belief": 806
      }
    }
  ]
}