{
  "dataset": "Tomato",
  "model": "Meta-Llama-3.1-8B-Instruct",
  "prompt_method": "v2_generate",
  "repeats": 3,
  "avg_metrics": {
    "accuracy": 0.6875887181386163,
    "correct": 3713.6666666666665,
    "total": 5401.0,
    "by_dimension_1.belief": 0.6591523895401262,
    "by_dimension_1.desire": 0.7508943089430895,
    "by_dimension_1.emotion": 0.6964524765729586,
    "by_dimension_1.intention": 0.6837837837837837,
    "by_dimension_1.knowledge": 0.6548952052828022,
    "by_dimension_2.first_order": 0.7437717987045341,
    "by_dimension_2.second_order": 0.6324159021406728,
    "by_dimension_3.__none__": 0.711062749365252,
    "by_dimension_3.false_belief": 0.5537634408602151,
    "dimension_1_counts": {
      "desire": 1025.0,
      "intention": 1110.0,
      "belief": 1109.0,
      "emotion": 996.0,
      "knowledge": 1161.0
    },
    "dimension_2_counts": {
      "second_order": 2725.0,
      "first_order": 2676.0
    },
    "dimension_3_counts": {
      "__none__": 4595.0,
      "false_belief": 806.0
    }
  },
  "all_metrics": [
    {
      "accuracy": 0.6819107572671728,
      "correct": 3683,
      "total": 5401,
      "by_dimension_1.belief": 0.6465284039675383,
      "by_dimension_1.desire": 0.7482926829268293,
      "by_dimension_1.emotion": 0.6977911646586346,
      "by_dimension_1.intention": 0.690990990990991,
      "by_dimension_1.knowledge": 0.6347975882859603,
      "by_dimension_2.first_order": 0.7410313901345291,
      "by_dimension_2.second_order": 0.6238532110091743,
      "by_dimension_3.__none__": 0.7044613710554951,
      "by_dimension_3.false_belief": 0.5533498759305211,
      "dimension_1_counts": {
        "belief": 1109,
        "desire": 1025,
        "emotion": 996,
        "intention": 1110,
        "knowledge": 1161
      },
      "dimension_2_counts": {
        "first_order": 2676,
        "second_order": 2725
      },
      "dimension_3_counts": {
        "__none__": 4595,
        "false_belief": 806
      }
    },
    {
      "accuracy": 0.6941307165339752,
      "correct": 3749,
      "total": 5401,
      "by_dimension_1.belief": 0.6672678088367899,
      "by_dimension_1.desire": 0.7629268292682927,
      "by_dimension_1.emotion": 0.7038152610441767,
      "by_dimension_1.intention": 0.6846846846846847,
      "by_dimension_1.knowledge": 0.6597760551248923,
      "by_dimension_2.first_order": 0.7485052316890882,
      "by_dimension_2.second_order": 0.6407339449541284,
      "by_dimension_3.__none__": 0.7170837867247007,
      "by_dimension_3.false_belief": 0.5632754342431762,
      "dimension_1_counts": {
        "belief": 1109,
        "desire": 1025,
        "emotion": 996,
        "intention": 1110,
        "knowledge": 1161
      },
      "dimension_2_counts": {
        "first_order": 2676,
        "second_order": 2725
      },
      "dimension_3_counts": {
        "__none__": 4595,
        "false_belief": 806
      }
    },
    {
      "accuracy": 0.6867246806147009,
      "correct": 3709,
      "total": 5401,
      "by_dimension_1.belief": 0.6636609558160504,
      "by_dimension_1.desire": 0.7414634146341463,
      "by_dimension_1.emotion": 0.6877510040160643,
      "by_dimension_1.intention": 0.6756756756756757,
      "by_dimension_1.knowledge": 0.6701119724375538,
      "by_dimension_2.first_order": 0.7417787742899851,
      "by_dimension_2.second_order": 0.6326605504587156,
      "by_dimension_3.__none__": 0.7116430903155604,
      "by_dimension_3.false_belief": 0.5446650124069479,
      "dimension_1_counts": {
        "belief": 1109,
        "desire": 1025,
        "emotion": 996,
        "intention": 1110,
        "knowledge": 1161
      },
      "dimension_2_counts": {
        "first_order": 2676,
        "second_order": 2725
      },
      "dimension_3_counts": {
        "__none__": 4595,
        "false_belief": 806
      }
    }
  ],
  "timestamp": "20260413_141510"
}